id;tracking_id;account_no;title;send_sms;amount;call_back_service
1;Lead;application AI;synthesize;false;Incredible;Azerbaijan
2;Plastic Sleek Metal Pizza Avon;envisioneer Buckinghamshire;Corporate;false;digital Cross-platform;program encryption redundant
3;Outdoors;SDD;markets array holistic;false;South Carolina;Fantastic Games
4;red;1080p International;Money Market Account Bacon Incredible Concrete Chair;false;groupware Colombian Peso Unidad de Valor Real;quantifying internet solution Montana
5;bus Rubber;Auto Loan Account e-services Cross-group;Berkshire copy;true;Outdoors;port
6;Vision-oriented interactive Consultant;Intelligent Customer Savings Account;Intelligent Fresh Hat Intelligent;true;Sao Tome and Principe dot-com;black Vermont reciprocal
7;Agent value-added;killer Mississippi;multi-tasking;true;Small Plastic Keyboard grow;Health
8;Phased Home;users Bike;Ecuador zero tolerance Soft;false;Assistant;Naira algorithm visionary
9;communities harness quantifying;Automotive matrix;Gorgeous Concrete Chips;true;Handcrafted Car;Personal Loan Account Pre-emptive
10;generate mint green Bike;Handmade Steel Soap;Engineer Team-oriented;false;Arkansas Generic Rubber Pants circuit;Tasty Concrete Sausages Tennessee
